Date,India,Mexico,US,India_act,Mexico_act,US_act,India_rolling,Mexico_rolling_7,US_rolling,Mexico_rolling
1/22/20,0,0,1,0,0,1,0,0,1,0
1/23/20,0,0,1,0,0,0,0,0,0,0
1/24/20,0,0,2,0,0,1,0,0,1,0
1/25/20,0,0,2,0,0,0,0,0,0,0
1/26/20,0,0,5,0,0,3,0,0,3,0
1/27/20,0,0,5,0,0,0,0,0,0,0
1/28/20,0,0,5,0,0,0,0,0,0,0
1/29/20,0,0,6,0,0,1,0,0,0.714285714,0
1/30/20,1,0,6,1,0,0,0.142857143,0,0.714285714,0
1/31/20,1,0,8,0,0,2,0.142857143,0,0.714285714,0
2/1/20,1,0,8,0,0,0,0.142857143,0,0.857142857,0
2/2/20,2,0,8,1,0,0,0.285714286,0,0.857142857,0
2/3/20,3,0,11,1,0,3,0.428571429,0,0.428571429,0
2/4/20,3,0,11,0,0,0,0.428571429,0,0.857142857,0
2/5/20,3,0,11,0,0,0,0.428571429,0,0.857142857,0
2/6/20,3,0,12,0,0,1,0.285714286,0,0.714285714,0
2/7/20,3,0,12,0,0,0,0.285714286,0,0.857142857,0
2/8/20,3,0,12,0,0,0,0.285714286,0,0.571428571,0
2/9/20,3,0,12,0,0,0,0.142857143,0,0.571428571,0
2/10/20,3,0,12,0,0,0,0,0,0.571428571,0
2/11/20,3,0,13,0,0,1,0,0,0.142857143,0
2/12/20,3,0,13,0,0,0,0,0,0.285714286,0
2/13/20,3,0,14,0,0,1,0,0,0.285714286,0
2/14/20,3,0,14,0,0,0,0,0,0.285714286,0
2/15/20,3,0,14,0,0,0,0,0,0.285714286,0
2/16/20,3,0,14,0,0,0,0,0,0.285714286,0
2/17/20,3,0,14,0,0,0,0,0,0.285714286,0
2/18/20,3,0,14,0,0,0,0,0,0.285714286,0
2/19/20,3,0,14,0,0,0,0,0,0.142857143,0
2/20/20,3,0,14,0,0,0,0,0,0.142857143,0
2/21/20,3,0,16,0,0,2,0,0,0,0
2/22/20,3,0,16,0,0,0,0,0,0.285714286,0
2/23/20,3,0,16,0,0,0,0,0,0.285714286,0
2/24/20,3,0,16,0,0,0,0,0,0.285714286,0
2/25/20,3,0,16,0,0,0,0,0,0.285714286,0
2/26/20,3,0,16,0,0,0,0,0,0.285714286,0
2/27/20,3,0,17,0,0,1,0,0,0.285714286,0
2/28/20,3,1,17,0,1,0,0,0,0.428571429,0
2/29/20,3,4,25,0,3,8,0,0.142857143,0.142857143,0.066666667
3/1/20,3,5,32,0,1,7,0,0.571428571,1.285714286,0.266666667
3/2/20,5,5,55,2,0,23,0.285714286,0.714285714,2.285714286,0.333333333
3/3/20,5,5,74,0,0,19,0.285714286,0.714285714,5.571428571,0.333333333
3/4/20,28,5,107,23,0,33,3.571428571,0.714285714,8.285714286,0.333333333
3/5/20,30,5,184,2,0,77,3.857142857,0.714285714,13,0.333333333
3/6/20,31,6,237,1,1,53,4,0.714285714,23.85714286,0.333333333
3/7/20,34,6,403,3,0,166,4.428571429,0.714285714,31.42857143,0.4
3/8/20,39,7,519,5,1,116,5.142857143,0.285714286,54,0.4
3/9/20,43,7,594,4,0,75,5.428571429,0.285714286,69.57142857,0.466666667
3/10/20,56,7,782,13,0,188,7.285714286,0.285714286,77,0.466666667
3/11/20,62,8,1147,6,1,365,4.857142857,0.285714286,101.1428571,0.466666667
3/12/20,73,12,1586,11,4,439,6.142857143,0.428571429,148.5714286,0.533333333
3/13/20,82,26,2219,9,14,633,7.285714286,1,200.2857143,0.8
3/14/20,102,41,2978,20,15,759,9.714285714,2.857142857,283.1428571,1.733333333
3/15/20,113,53,3212,11,12,234,10.57142857,5,367.8571429,2.666666667
3/16/20,119,82,4679,6,29,1467,10.85714286,6.571428571,384.7142857,3.266666667
3/17/20,142,93,6512,23,11,1833,12.28571429,10.71428571,583.5714286,5.133333333
3/18/20,156,118,9169,14,25,2657,13.42857143,12.28571429,818.5714286,5.866666667
3/19/20,194,164,13663,38,46,4494,17.28571429,15.71428571,1146,7.533333333
3/20/20,244,203,20030,50,39,6367,23.14285714,21.71428571,1725.285714,10.6
3/21/20,330,251,26025,86,48,5995,32.57142857,25.28571429,2544.428571,13.2
3/22/20,396,316,34944,66,65,8919,40.42857143,30,3292.428571,16.33333333
3/23/20,499,367,46096,103,51,11152,54.28571429,37.57142857,4533.142857,20.66666667
3/24/20,536,405,56714,37,38,10618,56.28571429,40.71428571,5916.714286,24
3/25/20,657,475,68841,121,70,12127,71.57142857,44.57142857,7171.714286,26.53333333
3/26/20,727,585,86662,70,110,17821,76.14285714,51,8524.571429,31.2
3/27/20,887,717,105253,160,132,18591,91.85714286,60.14285714,10428.42857,38.46666667
3/28/20,987,848,127417,100,131,22164,93.85714286,73.42857143,12174.71429,47
3/29/20,1024,993,143544,37,145,16127,89.71428571,85.28571429,14484.57143,54.8
3/30/20,1251,1094,165698,227,101,22154,107.4285714,96.71428571,15514.28571,63.46666667
3/31/20,1397,1215,192079,146,121,26381,123,103.8571429,17086,69.4
4/1/20,1998,1378,224311,601,163,32232,191.5714286,115.7142857,19337.85714,75.53333333
4/2/20,2543,1510,256541,545,132,32230,259.4285714,129,22210,85.66666667
4/3/20,2567,1688,289023,24,178,32482,240,132.1428571,24268.42857,92.8
4/4/20,3082,1890,321199,515,202,32176,299.2857143,138.7142857,26252.85714,101.6
4/5/20,3588,2143,350803,506,253,29604,366.2857143,148.8571429,27683.14286,112.4666667
4/6/20,4778,2439,382661,1190,296,31858,503.8571429,164.2857143,29608.42857,126.1333333
4/7/20,5311,2785,413004,533,346,30343,559.1428571,192.1428571,30994.71429,141.5333333
4/8/20,5916,3181,444153,605,396,31149,559.7142857,224.2857143,31560.71429,161.2
4/9/20,6725,3441,480596,809,260,36443,597.4285714,257.5714286,31406,185.0666667
4/10/20,7598,3844,514943,873,403,34347,718.7142857,275.8571429,32007.85714,197.7333333
4/11/20,8446,4219,544221,848,375,29278,766.2857143,308,32274.28571,217.2666667
4/12/20,9205,4661,571093,759,442,26872,802.4285714,332.7142857,31860.28571,233.4666667
4/13/20,10453,5014,598017,1248,353,26924,810.7142857,359.7142857,31470,254.2
4/14/20,11487,5399,626412,1034,385,28395,882.2857143,367.8571429,30765.14286,268.0666667
4/15/20,12322,5847,652312,835,448,25900,915.1428571,373.4285714,30486.85714,287
4/16/20,13430,6297,682268,1108,450,29956,957.8571429,380.8571429,29737,308.8
4/17/20,14352,6875,715425,922,578,33157,964.8571429,408,28810.28571,327.9333333
4/18/20,15722,7497,743419,1370,622,27994,1039.428571,433,28640.28571,357.6666667
4/19/20,17615,8261,769342,1893,764,25923,1201.428571,468.2857143,28456.85714,387.2666667
4/20/20,18539,8772,799022,924,511,29680,1155.142857,514.2857143,28321.28571,424.7333333
4/21/20,20080,9501,825192,1541,729,26170,1227.571429,536.8571429,28715,441.9333333
4/22/20,21370,10544,854611,1290,1043,29419,1292.571429,586,28397.14286,470.8
4/23/20,23077,11633,887380,1707,1089,32769,1378.142857,671,28899.85714,517.2666667
4/24/20,24530,12872,919532,1453,1239,32152,1454,762.2857143,29301.71429,563.4666667
4/25/20,26283,13842,950526,1753,970,30994,1508.714286,856.7142857,29158.14286,628.7333333
4/26/20,27890,14677,977073,1607,835,26547,1467.857143,906.4285714,29586.71429,666.5333333
4/27/20,29451,15529,1000823,1561,852,23750,1558.857143,916.5714286,29675.85714,697.2
4/28/20,31324,16752,1025513,1873,1223,24690,1606.285714,965.2857143,28828.71429,724.5333333
4/29/20,33062,17799,1051733,1738,1047,26220,1670.285714,1035.857143,28617.28571,782.5333333
4/30/20,34863,19224,1080974,1801,1425,29241,1683.714286,1036.428571,28160.28571,826.6666667
5/1/20,37257,20739,1115995,2394,1515,35021,1818.142857,1084.428571,27656.28571,891.8
5/2/20,39699,22088,1143819,2442,1349,27824,1916.571429,1123.857143,28066.14286,962.8
5/3/20,42505,23471,1168311,2806,1383,24492,2087.857143,1178,27613.28571,1014.2
5/4/20,46437,24905,1192024,3932,1434,23713,2426.571429,1256.285714,27319.71429,1064.933333
5/5/20,49400,26025,1216353,2963,1120,24329,2582.285714,1339.428571,27314.42857,1109.6
5/6/20,52987,27634,1240616,3587,1609,24263,2846.428571,1324.714286,27262.85714,1150.2
5/7/20,56351,29616,1268273,3364,1982,27657,3069.714286,1405,26983.28571,1208.866667
5/8/20,59695,31522,1295545,3344,1906,27272,3205.428571,1484.571429,26757,1271.466667
5/9/20,62808,33460,1319991,3113,1938,24446,3301.285714,1540.428571,25650,1325.933333
5/10/20,67161,35022,1339139,4353,1562,19148,3522.285714,1624.571429,25167.42857,1372.533333
5/11/20,70768,36327,1358173,3607,1305,19034,3475.857143,1650.142857,24404,1412
5/12/20,74292,38324,1381016,3524,1997,22843,3556,1631.714286,23735.57143,1443.333333
5/13/20,78055,40186,1401592,3763,1862,20576,3581.142857,1757,23523.28571,1519.666667
5/14/20,81997,42595,1428124,3942,2409,26532,3663.714286,1793.142857,22996.57143,1562.266667
5/15/20,85784,45032,1452945,3787,2437,24821,3727,1854.142857,22835.85714,1653.066667
5/16/20,90648,47144,1477178,4864,2112,24233,3977.142857,1930,22485.71429,1720.533333
5/17/20,95698,49219,1495976,5050,2075,18798,4076.714286,1954.857143,22455.28571,1760.333333
5/18/20,100328,51633,1518110,4630,2414,22134,4222.857143,2028.142857,22405.28571,1808.733333
5/19/20,106475,54346,1538870,6147,2713,20760,4597.571429,2186.571429,22848.14286,1877.466667
5/20/20,112028,56594,1561592,5553,2248,22722,4853.285714,2288.857143,22550.57143,1962.733333
5/21/20,118226,59567,1587398,6198,2973,25806,5175.571429,2344,22857.14286,2037.933333
5/22/20,124794,62527,1611017,6568,2960,23619,5572.857143,2424.571429,22753.42857,2128.866667
5/23/20,131423,65856,1631996,6629,3329,20979,5825,2499.285714,22581.71429,2194.066667
5/24/20,138536,68620,1652587,7113,2764,20591,6119.714286,2673.142857,22116.85714,2288.933333
5/25/20,144950,71105,1671240,6414,2485,18653,6374.571429,2771.571429,22373,2344
5/26/20,150793,74560,1689816,5843,3455,18576,6331.142857,2781.714286,21875.71429,2405.533333
5/27/20,158086,78023,1709222,7293,3463,19406,6579.714286,2887.714286,21563.71429,2548.866667
5/28/20,165386,81400,1730868,7300,3377,21646,6737.142857,3061.285714,21090,2646.6
5/29/20,173491,84627,1755604,8105,3227,24736,6956.714286,3119,20495.71429,2747.6
5/30/20,181827,87512,1779688,8336,2885,24084,7200.571429,3157.142857,20655.28571,2802.133333
5/31/20,190609,90664,1799142,8782,3152,19454,7439,3093.714286,21098.85714,2832
6/1/20,198370,93435,1816107,7761,2771,16965,7631.428571,3149.142857,20936.42857,2901.333333
6/2/20,207191,97326,1837390,8821,3891,21283,8056.857143,3190,20695.28571,2947.733333
6/3/20,216824,101238,1857161,9633,3912,19771,8391.142857,3252.285714,21082,3046.2
6/4/20,226713,105680,1878884,9889,4442,21723,8761,3316.428571,21134.14286,3126.133333
6/5/20,236184,110026,1903885,9471,4346,25001,8956.142857,3468.571429,21145.14286,3272.4
6/6/20,246622,113619,1925183,10438,3593,21298,9256.428571,3628.428571,21183,3363.933333
6/7/20,257486,117103,1943596,10864,3484,18413,9553.857143,3729.571429,20785,3406.133333
6/8/20,265928,120102,1960100,8442,2999,16504,9651.142857,3777,20636.28571,3416.466667
6/9/20,276146,124301,1978192,10218,4199,18092,9850.714286,3809.571429,20570.42857,3432.133333
6/10/20,286605,129184,1999260,10459,4883,21068,9968.714286,3853.571429,20114.57143,3546.4
6/11/20,297535,133974,2021642,10930,4790,22382,10117.42857,3992.285714,20299.85714,3641.6
6/12/20,308993,139196,2046968,11458,5222,25326,10401.28571,4042,20394,3730.066667
6/13/20,320922,142690,2071940,11929,3494,24972,10614.28571,4167.142857,20440.42857,3853.066667
6/14/20,332424,146837,2091360,11502,4147,19420,10705.42857,4153,20965.28571,3870.866667
6/15/20,343091,150264,2109882,10667,3427,18522,11023.28571,4247.714286,21109.14286,3955
6/16/20,354065,154863,2133721,10974,4599,23839,11131.28571,4308.857143,21397.42857,3973.333333
6/17/20,366946,159793,2161110,12881,4930,27389,11477.28571,4366,22218.42857,4095.2
6/18/20,380532,165455,2189425,13586,5662,28315,11856.71429,4372.714286,23121.42857,4164.466667
6/19/20,395048,170485,2221122,14516,5030,31697,12293.57143,4497.285714,23969,4281.133333
6/20/20,410451,175202,2253735,15403,4717,32613,12789.85714,4469.857143,24879.14286,4320.333333
6/21/20,425282,180545,2279924,14831,5343,26189,13265.42857,4644.571429,25970.71429,4345.066667
6/22/20,440215,185122,2310897,14933,4577,30973,13874.85714,4815.428571,26937.71429,4461.733333
6/23/20,456183,191410,2348119,15968,6288,37222,14588.28571,4979.714286,28716.42857,4534.6
6/24/20,473105,196847,2384350,16922,5437,36231,15165.57143,5221,30628.28571,4753.866667
6/25/20,490401,202951,2424718,17296,6104,40368,15695.57143,5293.428571,31891.42857,4836.4
6/26/20,508953,208392,2470928,18552,5441,46210,16272.14286,5356.571429,33613.28571,4917.8
6/27/20,528859,212802,2512665,19906,4410,41737,16915.42857,5415.285714,35686.57143,4961.2
6/28/20,548318,216852,2554527,19459,4050,41862,17576.57143,5371.428571,36990,4907.066667
6/29/20,566840,220657,2594168,18522,3805,39641,18089.28571,5186.714286,39229,4944.133333
6/30/20,585481,226089,2642480,18641,5432,48312,18471.14286,5076.428571,40467.28571,4921.333333
7/1/20,604641,231770,2694046,19160,5681,51566,18790.85714,4954.142857,42051.57143,5055
7/2/20,625544,238511,2750394,20903,6741,56348,19306.14286,4989,44242.28571,5127.133333
7/3/20,648315,245251,2803014,22771,6740,52620,19908.85714,5080,46525.14286,5247.866667
7/4/20,673165,252165,2851960,24850,6914,48946,20615.14286,5265.571429,47440.85714,5319.733333
7/5/20,697413,256848,2902397,24248,4683,50437,21299.28571,5623.285714,48470.71429,5445.333333
7/6/20,719664,261750,2945198,22251,4902,42801,21832,5713.714286,49695.71429,5443.066667
7/7/20,742417,268008,3004056,22753,6258,58858,22419.42857,5870.428571,50147.14286,5413.666667
7/8/20,767296,275003,3063780,24879,6995,59724,23236.42857,5988.428571,51653.71429,5525.733333
7/9/20,793802,282283,3124656,26506,7280,60876,24036.85714,6176.142857,52819.14286,5572.866667
7/10/20,820916,289174,3192434,27114,6891,67778,24657.28571,6253.142857,53466,5695.733333
7/11/20,849522,295268,3253803,28606,6094,61369,25193.85714,6274.714286,55631.42857,5748.2
7/12/20,878254,299750,3314487,28732,4482,60684,25834.42857,6157.571429,57406.14286,5791.733333
7/13/20,906752,304435,3372046,28498,4685,57559,26726.85714,6128.857143,58870,5796.533333
7/14/20,936181,311486,3438484,29429,7051,66438,27680.57143,6097.857143,60978.28571,5838.866667
7/15/20,968857,317635,3506442,32676,6149,67958,28794.42857,6211.142857,62061.14286,6055.266667
7/16/20,1003832,324041,3582466,34975,6406,76024,30004.28571,6090.285714,63237.42857,6103.066667
7/17/20,1039084,331298,3654708,35252,7257,72242,31166.85714,5965.428571,65401.42857,6151.4
7/18/20,1077781,338913,3718505,38697,7615,63797,32608.42857,6017.714286,66039.14286,6185.8
7/19/20,1118206,344224,3779954,40425,5311,61449,34278.85714,6235,66386,6244.133333
7/20/20,1155338,349396,3840166,37132,5172,60212,35512.28571,6353.428571,66495.28571,6137.266667
7/21/20,1193078,356255,3905747,37740,6859,65581,36699.57143,6423,66874.28571,6169.866667
7/22/20,1238798,362274,3976127,45720,6019,70380,38563,6395.571429,66751.85714,6300.333333
7/23/20,1288108,370712,4044379,49310,8438,68252,40610.85714,6377,67097.85714,6284.4
7/24/20,1337024,378285,4118527,48916,7573,74148,42562.85714,6667.285714,65987.57143,6380.6
7/25/20,1385635,385036,4185522,48611,6751,66995,43979.14286,6712.428571,66259.85714,6400.133333
7/26/20,1435616,390516,4241675,49981,5480,56153,45344.28571,6589,66716.71429,6390.8
7/27/20,1480073,395489,4297841,44457,4973,56166,46390.71429,6613.142857,65960.14286,6349.866667
7/28/20,1531669,402697,4361529,51596,7208,63688,48370.14286,6584.714286,65382.14286,6382.6
7/29/20,1581963,408449,4429904,50294,5752,68375,49023.57143,6634.571429,65111.71429,6550.8
7/30/20,1634746,416179,4497870,52783,7730,67966,49519.71429,6596.428571,64825.28571,6464.2
7/31/20,1695988,424637,4566339,61242,8458,68469,51280.57143,6495.285714,64784.42857,6569.6
8/1/20,1750723,434193,4625471,54735,9556,59132,52155.42857,6621.714286,63973.14286,6706.4
8/2/20,1803695,439046,4671478,52972,4853,46007,52582.71429,7022.428571,62849.85714,6859.666667
8/3/20,1855745,443813,4716762,52050,4767,45284,53667.42857,6932.857143,61400.42857,6675.533333
8/4/20,1908254,449961,4771736,52509,6148,54974,53797.85714,6903.428571,59845.85714,6639.266667
8/5/20,1964536,456100,4827619,56282,6139,55883,54653.28571,6752,58601,6704.333333
8/6/20,2027074,462690,4884849,62538,6590,57230,56046.85714,6807.285714,56816.42857,6656.333333
8/7/20,2088611,469407,4945913,61537,6717,61064,56089,6644.428571,55282.71429,6694.4
8/8/20,2153010,475902,5001089,64399,6495,55176,57469.57143,6395.714286,54224.85714,6579.666667
8/9/20,2215074,480278,5049226,62064,4376,48137,58768.42857,5958.428571,53659.71429,6507.8
8/10/20,2268675,485836,5094446,53601,5558,45220,58990,5890.285714,53964,6349.466667
8/11/20,2329638,492522,5147047,60963,6686,52601,60197.71429,6003.285714,53954.85714,6354.666667
8/12/20,2396637,498380,5199850,66999,5858,52803,61728.71429,6080.142857,53615.85714,6468.866667
8/13/20,2461190,505751,5251379,64553,7371,51529,62016.57143,6040,53175.85714,6378.866667
8/14/20,2525922,511369,5316452,64732,5618,65073,62473,6151.571429,52361.42857,6486.8
8/15/20,2589952,517714,5366108,64030,6345,49656,62420.28571,5994.571429,52934.14286,6346
8/16/20,2647663,522162,5406212,57711,4448,40104,61798.42857,5973.142857,52145.57143,6205.133333
8/17/20,2702681,525733,5441874,55018,3571,35662,62000.85714,5983.428571,50998,5864.6
8/18/20,2767253,531239,5484779,64572,5506,42905,62516.42857,5699.571429,49632.57143,5779.133333
8/19/20,2836925,537031,5529042,69672,5792,44263,62898.28571,5531,48247.42857,5828.4
8/20/20,2905825,543806,5573631,68900,6775,44589,63519.28571,5521.571429,47027.42857,5804.666667
8/21/20,2975701,549734,5622420,69876,5928,48789,64254.14286,5436.428571,46036,5847.066667
8/22/20,3044940,556216,5666825,69239,6482,44405,64998.28571,5480.714286,43709.71429,5802.933333
8/23/20,3106348,560164,5701391,61408,3948,34566,65526.42857,5500.285714,42959.57143,5787.266667
8/24/20,3167323,563705,5736272,60975,3541,34881,66377.42857,5428.857143,42168.42857,5617.466667
8/25/20,3224547,568621,5777199,57224,4916,40927,65327.71429,5424.571429,42056.85714,5561.8
8/26/20,3310234,573888,5821155,85687,5267,43956,67615.57143,5340.285714,41774.28571,5519
8/27/20,3387500,579914,5867143,77266,6026,45988,68810.71429,5265.285714,41730.42857,5424.4
8/28/20,3463972,585738,5913677,76472,5824,46534,69753,5158.285714,41930.28571,5435.6
8/29/20,3542733,591712,5957918,78761,5974,44241,71113.28571,5143.428571,41608.14286,5332.466667
8/30/20,3621245,595841,5992846,78512,4129,34928,73556.71429,5070.857143,41584.71429,5356.2
8/31/20,3691166,599560,6025460,69921,3719,32614,74834.71429,5096.714286,41636.42857,5208.466667
9/1/20,3769523,606036,6068403,78357,6476,42943,77853.71429,5122.142857,41312.57143,5159.866667
9/2/20,3853406,610957,6109045,83883,4921,40642,77596,5345,41600.57143,5353.533333
9/3/20,3936747,616894,6153398,83341,5937,44353,78463.85714,5295.571429,41127.14286,5314.533333
9/4/20,4023179,623090,6204088,86432,6196,50690,79886.71429,5282.857143,40893.57143,5324.2
9/5/20,4113811,629409,6247597,90632,6319,43509,81582.57143,5336,41487.28571,5285.6
9/6/20,4204613,634023,6278647,90802,4614,31050,83338.28571,5385.285714,41382.71429,5311.666667
9/7/20,4280422,637509,6302545,75809,3486,23898,84179.42857,5454.571429,40828.71429,5187.133333
9/8/20,4370128,642860,6328235,89706,5351,25690,85800.71429,5421.285714,39583.57143,5156.333333
9/9/20,4465863,647321,6362771,95735,4461,34536,87493.85714,5260.571429,37118.85714,5277
9/10/20,4562414,652364,6398669,96551,5043,35898,89381,5194.857143,36246.57143,5246.666667
9/11/20,4659984,658299,6446690,97570,5935,48021,90972.14286,5067.142857,35038.71429,5231.733333
9/12/20,4754356,663973,6488378,94372,5674,41688,91506.42857,5029.857143,34657.42857,5225.666667
9/13/20,4846427,668381,6522912,92071,4408,34534,91687.71429,4937.714286,34397.28571,5215.666667
9/14/20,4930236,671716,6556079,83809,3335,33167,92830.57143,4908.285714,34895,5111.266667
9/15/20,5020359,676487,6595622,90123,4771,39543,92890.14286,4886.714286,36219.14286,5058.333333
9/16/20,5118253,680931,6634496,97894,4444,38874,93198.57143,4803.857143,38198.14286,5128.466667
9/17/20,5214677,684113,6679747,96424,3182,45251,93180.42857,4801.428571,38817.85714,4993
9/18/20,5308014,688954,6728970,93337,4841,49223,92575.71429,4535.571429,40154,4877.066667
9/19/20,5400619,694121,6771709,92605,5167,42739,92323.28571,4379.285714,40325.71429,4804
9/20/20,5487580,697663,6810626,86961,3542,38917,91593.28571,4306.857143,40475.85714,4735.4
9/21/20,5562663,700580,6861220,75083,2917,50594,90346.71429,4183.142857,41102,4550.266667
9/22/20,5646010,705263,6901381,83347,4683,40161,89378.71429,4123.428571,43591.57143,4437.133333
9/23/20,5732518,710049,6940233,86508,4786,38852,87752.14286,4110.857143,43679.85714,4516.933333
9/24/20,5818570,715457,6987708,86052,5408,47475,86270.42857,4159.714286,43676.71429,4479.266667
9/25/20,5903932,720858,7036256,85362,5401,48548,85131.14286,4477.714286,43994.42857,4542.4
9/26/20,5992532,726431,7081186,88600,5573,44930,84559,4557.714286,43898,4566.266667
9/27/20,6074702,730317,7119340,82170,3886,38154,83874.57143,4615.714286,44211,4542.133333
9/28/20,6145291,733717,7151789,70589,3400,32449,83232.57143,4664.857143,44102,4422.933333
9/29/20,6225763,738163,7195303,80472,4446,43514,82821.85714,4733.857143,41509.85714,4355.733333
9/30/20,6312584,743216,7234382,86821,5053,39079,82866.57143,4700,41988.85714,4429.8
10/1/20,6394068,748315,7280478,81484,5099,46096,82214,4738.142857,42021.28571,4448.6
10/2/20,6473544,753090,7335609,79476,4775,55131,81373.14286,4694,41824.28571,4492.266667
10/3/20,6549373,757953,7386268,75829,4863,50659,79548.71429,4604.571429,42764.71429,4598.466667
10/4/20,6623815,761665,7420900,74442,3712,34632,78444.71429,4503.142857,43583.14286,4599.933333
10/5/20,6685082,789780,7459130,61267,28115,38230,77113,4478.285714,43080,4502.933333
10/6/20,6757131,794608,7504349,72049,4828,45219,75909.71429,8009,43905.85714,6141.133333
10/7/20,6835655,799188,7555567,78524,4580,51218,74724.42857,8063.571429,44149.42857,6268.533333
10/8/20,6906151,804488,7614482,70496,5300,58915,73154.71429,7996,45883.57143,6261.666667
10/9/20,6979423,810020,7671232,73272,5532,56750,72268.42857,8024.714286,47714.85714,6295.933333
10/10/20,7053806,814328,7726972,74383,4308,55740,72061.85714,8132.857143,47946.14286,6304.2
10/11/20,7120538,817503,7773804,66732,3175,46832,70960.42857,8053.571429,48672,6231.333333
10/12/20,7175880,821045,7815536,55342,3542,41732,70114,7976.857143,50414.85714,6071.466667
10/13/20,7239389,825340,7866627,63509,4295,51091,68894,4466.428571,50915.14286,6048.533333
10/14/20,7307097,829396,7925929,67708,4056,59302,67348.85714,4390.285714,51754,6108.2
10/15/20,7370468,834910,7991044,63371,5514,65115,66331,4315.428571,52908.85714,6082.2
10/16/20,7432680,841661,8060166,62212,6751,69122,64751,4346,53794.57143,6112.933333
10/17/20,7494551,847108,8117858,61871,5447,57692,62963.57143,4520.142857,55562,6223.066667
10/18/20,7550273,851227,8168848,55722,4119,50990,61390.71429,4682.857143,55840.85714,6267.866667
10/19/20,7597063,854926,8235586,46790,3699,66738,60169,4817.714286,56434.85714,6218.266667
10/20/20,7651107,860714,8297283,54044,5788,61697,58816.85714,4840.142857,60007.14286,6217.4
10/21/20,7706946,867559,8360604,55839,6845,63321,57121.28571,5053.428571,61522.28571,4728.933333
10/22/20,7761312,874171,8436829,54366,6612,76225,55834.85714,5451.857143,62096.42857,4863.4
10/23/20,7814682,880775,8519307,53370,6604,82478,54571.71429,5608.714286,63683.57143,4998.866667
10/24/20,7864811,886800,8603035,50129,6025,83728,52894.28571,5587.714286,65591.57143,5085.8
10/25/20,7909959,891160,8665702,45148,4360,62667,51383.71429,5670.285714,69311,5118.666667
10/26/20,7946429,895326,8731678,36470,4166,65976,49909.42857,5704.714286,70979.14286,5122.133333
10/27/20,7990322,901268,8808839,43893,5942,77161,48459.28571,5771.428571,70870.28571,5188.2
10/28/20,8040203,906863,8888107,49881,5595,79268,47608.14286,5793.428571,73079.42857,5348.2
10/29/20,8088851,912811,8979326,48648,5948,91219,46791.28571,5614.857143,75357.57143,5434.866667
10/30/20,8137119,918811,9079417,48268,6000,100091,46062.42857,5520,77499.57143,5561
10/31/20,8184082,924962,9170153,46963,6151,90736,45610.14286,5433.714286,80015.71429,5593.4
11/1/20,8229313,929392,9275798,45231,4430,105645,45622,5451.714286,81016.85714,5553.4
11/2/20,8267623,933155,9359133,38310,3763,83335,45884.85714,5461.714286,87156.57143,5485.6
11/3/20,8313876,938405,9486968,46253,5250,127835,46222,5404.142857,89636.42857,5461.866667
11/4/20,8364086,943630,9591145,50210,5225,104177,46269,5305.285714,96875.57143,5565.266667
11/5/20,8411724,949197,9721163,47638,5567,130018,46124.71429,5252.428571,100434,5527.733333
11/6/20,8462080,955128,9848975,50356,5931,127812,46423,5198,105976.7143,5442.533333
11/7/20,8507754,961938,9981101,45674,6810,132126,46238.85714,5188.142857,109936.8571,5397.133333
11/8/20,8553657,967825,10096457,45903,5887,115356,46334.85714,5282.285714,115849.7143,5410.866667
11/9/20,8591730,972785,10214506,38073,4960,118049,46301,5490.428571,117237,5401.666667
11/10/20,8636011,978531,10354777,44281,5746,140271,46019.28571,5661.428571,122196.1429,5441.666667
11/11/20,8683916,986177,10504265,47905,7646,149488,45690,5732.285714,123972.7143,5547
11/12/20,8728795,991835,10666034,44879,5658,161769,45295.85714,6078.142857,130445.7143,5660.6
11/13/20,8773479,997393,10847160,44684,5558,181126,44485.57143,6091.142857,134981.5714,5664.8
11/14/20,8814579,1003253,11019445,41100,5860,172285,43832.14286,6037.857143,142597.8571,5638.8
11/15/20,8845127,1006522,11157358,30548,3269,137913,41638.57143,5902.142857,148334.8571,5629.466667
11/16/20,8874290,1009396,11316537,29163,2874,159179,40365.71429,5528.142857,151557.2857,5437.333333
11/17/20,8912907,1011153,11480700,38617,1757,164163,39556.57143,5230.142857,157433,5333.6
11/18/20,8958483,1015071,11654113,45576,3918,173413,39223.85714,4660.285714,160846.1429,5199.866667
11/19/20,9004365,1019543,11846014,45882,4472,191901,39367.14286,4127.714286,164264,5111.066667
11/20/20,9050597,1025969,12047450,46232,6426,201436,39588.28571,3958.285714,168568.5714,5060.866667
11/21/20,9095806,1032688,12229486,45209,6719,182036,40175.28571,4082.285714,171470,5118.133333
11/22/20,9139865,1041875,12376138,44059,9187,146652,42105.42857,4205,172863,5170.666667
11/23/20,9177840,1049358,12548086,37975,7483,171948,43364.28571,5050.428571,174111.4286,5329.133333
11/24/20,9222216,1060152,12725321,44376,10794,177235,44187,5708.857143,175935.5714,5435.533333
11/25/20,9266705,1070487,12910215,44489,10335,184894,44031.71429,6999.857143,177803,5824.466667
11/26/20,9309787,1078594,13028602,43082,8107,118387,43631.71429,7916.571429,179443.1429,6130.4
11/27/20,9351109,1090675,13231626,41322,12081,203024,42930.28571,8435.857143,168941.1429,6161.133333
11/28/20,9392919,1101403,13390383,41810,10728,158757,42444.71429,9243.714286,169168,6589.333333
11/29/20,9431691,1107071,13531227,38772,5668,140844,41689.42857,9816.428571,165842.4286,6934
11/30/20,9462809,1113543,13686921,31118,6472,155694,40709.85714,9313.714286,165012.7143,6921.2
12/1/20,9499413,1122362,13880957,36604,8819,194036,39599.57143,9169.285714,162690.7143,7134.733333
12/2/20,9534964,1133613,14085458,35551,11251,204501,38322.71429,8887.142857,165090.8571,7531.066667
12/3/20,9571559,1144643,14309618,36595,11030,224160,37396,9018,167891.8571,8164
12/4/20,9608211,1156770,14544933,36652,12127,235315,36728.85714,9435.571429,183002.2857,8638.133333
12/5/20,9644222,1168395,14766843,36011,11625,221910,35900.42857,9442.142857,187615.2857,9148.466667
12/6/20,9677203,1175850,14946062,32981,7455,179219,35073.14286,9570.285714,196637.1429,9495.066667
12/7/20,9703770,1182249,15136211,26567,6399,190149,34423,9825.571429,202119.2857,9544.133333
12/8/20,9735850,1193255,15367161,32080,11006,230950,33776.71429,9815.142857,207041.4286,9358.266667
12/9/20,9767371,1205229,15588301,31521,11974,221140,33201,10127.57143,212314.8571,9593.133333
12/10/20,9796744,1217126,15822977,29373,11897,234676,32169.28571,10230.85714,214691.8571,9671.8
12/11/20,9826775,1229379,16063233,30031,12253,240256,31223.42857,10354.71429,216194.1429,9775.933333
12/12/20,9857029,1241436,16285398,30254,12057,222165,30401,10372.71429,216900,10052.33333
12/13/20,9884100,1250044,16472103,27071,8608,186705,29556.71429,10434.42857,216936.4286,10050.73333
12/14/20,9906165,1255974,16672734,22065,5930,200631,28913.57143,10599.14286,218005.8571,9909.4
12/15/20,9932547,1267202,16894785,26382,11228,222051,28099.57143,10532.14286,219503.2857,9926.866667
12/16/20,9956557,1277499,17135476,24010,10297,240691,27026.57143,10563.85714,218232,10243.93333
12/17/20,9979447,1289298,17372704,22890,11799,237228,26100.42857,10324.28571,221025,10342.46667
12/18/20,10004599,1301546,17621665,25152,12248,248961,25403.42857,10310.28571,221389.5714,10379
12/19/20,10031223,1313675,17824236,26624,12129,202571,24884.85714,10309.57143,222633.1429,10460.2
12/20/20,10055560,1320545,18009585,24337,6870,185349,24494.28571,10319.85714,219834,10460.33333
12/21/20,10075116,1325915,18199302,19556,5370,189717,24135.85714,10071.57143,219640.2857,10143.33333
12/22/20,10099066,1338426,18401274,23950,12511,201972,23788.42857,9991.571429,218081.1429,10004.33333
12/23/20,10123778,1350079,18627057,24712,11653,225783,23888.71429,10174.85714,215212.7143,10411.8
12/24/20,10146845,1362564,18831945,23067,12485,204888,23914,10368.57143,213083,10454.93333
12/25/20,10169118,1372243,18940629,22273,9679,108684,23502.71429,10466.57143,208463,10489
12/26/20,10187850,1377217,19159622,18732,4974,218993,22375.28571,10099.57143,188423.4286,10341.13333
12/27/20,10207871,1383434,19314617,20021,6217,154995,21758.71429,9077.428571,190769.4286,9855.866667
12/28/20,10224303,1389430,19481303,16432,5996,166686,21312.42857,8984.142857,186433.1429,9466.533333
12/29/20,10244852,1401529,19683000,20549,12099,201697,20826.57143,9073.571429,183143,9292.4
12/30/20,10266674,1413935,19905929,21822,12406,222929,20413.71429,9014.714286,183103.7143,9703.666667
12/31/20,10286709,1426094,20164039,20035,12159,258110,19980.57143,9122.285714,182696,9782.2
1/1/21,10305788,1437185,20330292,19079,11091,166253,19524.28571,9075.714286,190299.1429,9906.333333
1/2/21,10323965,1443544,20626175,18177,6359,295883,19445,9277.428571,198523.2857,9859.133333
1/3/21,10340469,1448755,20829825,16504,5211,203650,18942.57143,9475.285714,209507.5714,9466.533333
1/4/21,10356844,1455219,21011493,16375,6464,181668,18934.42857,9331.571429,216458.2857,9005.333333
1/5/21,10374932,1466490,21242763,18088,11271,231270,18582.85714,9398.428571,218598.5714,8978.266667
1/6/21,10395278,1479835,21499648,20346,13345,256885,18372,9280.142857,222823.2857,9371.666667
1/7/21,10413417,1493569,21788279,18139,13734,288631,18101.14286,9414.285714,227674.1429,9427.266667
1/8/21,10413417,1507931,22091766,0,14362,303487,15375.57143,9639.285714,232034.2857,9566
1/9/21,10450284,1524036,22351300,36867,16105,259534,18045.57143,10106.57143,251639.1429,9691.133333
1/10/21,10466595,1534039,22564676,16311,10003,213376,18018,11498.85714,246446.4286,10119.53333
1/11/21,10479179,1541633,22775512,12584,7594,210836,17476.42857,12183.42857,247835.8571,10454.8
1/12/21,10495147,1556028,22994414,15968,14395,218902,17173.57143,12344.85714,252002.7143,10546.6
1/13/21,10512093,1571901,23224257,16946,15873,229843,16687.85714,12791.14286,250235.8571,11106.53333
1/14/21,10527683,1588369,23462300,15590,16468,238043,16323.71429,13152.28571,246372.7143,11358.13333
1/15/21,10542841,1609735,23709326,15158,21366,247026,18489.14286,13542.85714,239145.8571,11628.93333
1/16/21,10557985,1630258,23917958,15144,20523,208632,15385.85714,14543.42857,231080,12242.73333
1/17/21,10571773,1641428,24094546,13788,11170,176588,15025.42857,15174.57143,223808.2857,12871.53333
1/18/21,10581823,1649502,24235618,10050,8074,141072,14663.42857,15341.28571,218552.8571,13192.26667
1/19/21,10595639,1668396,24399905,13816,18894,164287,14356,15409.85714,208586.5714,13383.13333
1/20/21,10610883,1688944,24585297,15244,20548,185392,14112.85714,16052.57143,200784.4286,14211.8
1/21/21,10625428,1711283,24777624,14545,22339,192327,13963.57143,16720.42857,194434.2857,14830.26667
1/22/21,10639684,1732290,24967151,14256,21007,189527,13834.71429,17559.14286,187903.4286,15429.86667
1/23/21,10654533,1752347,25142014,14849,20057,174863,13792.57143,17507.85714,179689.2857,15914.73333
1/24/21,10667736,1763219,25279848,13203,10872,137834,13709,17441.28571,174865.1429,16294.4
1/25/21,10676838,1771740,25421966,9102,8521,142118,13573.57143,17398.71429,169328.8571,15945.53333
1/26/21,10689527,1788905,25566750,12689,17165,144784,13412.57143,17462.57143,169478.2857,15846.73333
1/27/21,10701193,1806849,25721887,11666,17944,155137,12901.42857,17215.57143,166692.1429,16484.8
1/28/21,10720048,1825519,25889323,18855,18670,167436,13517.14286,16843.57143,162370,16721.4
1/29/21,10733130,1841893,26055170,13082,16374,165847,13349.42857,16319.42857,158814.1429,16907.86667
1/30/21,10746174,1857230,26200854,13044,15337,145684,13091.57143,15657.57143,155431.2857,16901.6
1/31/21,10757610,1864260,26316283,11436,7030,115429,12839.14286,14983.28571,151262.8571,16499.66667
2/1/21,10766245,1869708,26445651,8635,5448,129368,12772.42857,14434.42857,148062.1429,15600.13333
2/2/21,10777284,1874092,26559524,11039,4384,113873,12536.71429,13995.42857,146240.7143,15218.66667
2/3/21,10790183,1886245,26682637,12899,12153,123113,12712.85714,12169.57143,141824.8571,14972.66667
2/4/21,10802591,1886245,26806565,12408,0,123928,11791.85714,11342.28571,137250,14523.26667
2/5/21,10814304,1912871,26938227,11713,26626,131662,11596.28571,8675.142857,131034.5714,13153.4
2/6/21,10826363,1926080,27049180,12059,13209,110953,11455.57143,10139.71429,126151,13439.2
2/7/21,10838194,1932145,27141063,11831,6065,91883,11512,9835.714286,121189.4286,12919.33333
2/8/21,10847304,1936013,27226073,9110,3868,85010,11579.85714,9697.857143,117825.7143,11986.53333
2/9/21,10858371,1946751,27320668,11067,10738,94595,11583.85714,9472.142857,111488.8571,11519.6
2/10/21,10871294,1957889,27416500,12923,11138,95832,11587.28571,10379.85714,108734.8571,11667.4
2/11/21,10880603,1968566,27522803,9309,10677,106303,11144.57143,10234.85714,104837.5714,11265.6
2/12/21,10892746,1978954,27622834,12143,10388,100031,11206,11760.14286,102319.7143,10781.13333
2/13/21,10904940,1988695,27711688,12194,9741,88854,11225.28571,9440.428571,97801,10229
2/14/21,10916589,1992794,27778037,11649,4099,66349,11199.28571,8945,94644,9786.8
2/15/21,10925710,1995892,27832680,9121,3098,54643,11200.85714,8664.142857,90996.28571,9037.6
2/16/21,10937320,2004575,27891283,11610,8683,58603,11278.42857,8554.142857,86658.14286,8775.466667
2/17/21,10950201,2013563,27961352,12881,8988,70069,11272.42857,8260.571429,81516.42857,8991.133333
2/18/21,10963394,2022662,28032708,13193,9099,71356,11827.28571,7953.428571,77836,9298.066667
2/19/21,10977387,2030491,28110894,13993,7829,78186,12091.57143,7728,72843.57143,9094.466667
2/20/21,10991651,2038276,28184301,14264,7785,73407,12387.28571,7362.428571,69722.85714,9616.4
2/21/21,11005850,2041380,28242197,14199,3104,57896,12751.57143,7083,67516.14286,8360.333333
2/22/21,11016434,2043632,28297036,10584,2252,54839,12960.57143,6940.857143,66308.57143,7686.666667
2/23/21,11030176,2052266,28369052,13742,8634,72016,13265.14286,6820,66336.57143,7432.466667
2/24/21,11046914,2060908,28444064,16738,8642,75012,13816.14286,6813,68252.71429,7750.2
2/25/21,11063491,2069370,28522121,16577,8462,78057,14299.57143,6763.571429,68958.85714,7610.466667
2/26/21,11079979,2076882,28600856,16488,7512,78735,14656,6672.571429,69916.14286,7432.066667
2/27/21,11096731,2084128,28666922,16752,7246,66066,15011.42857,6627.285714,69994.57143,7221.066667
2/28/21,11112241,2086938,28718789,15510,2810,51867,15198.71429,6550.285714,68945.85714,7011.6
3/1/21,11124527,2089281,28773278,12286,2343,54489,15441.85714,6508.285714,68084.57143,6549.533333
3/2/21,11139516,2097194,28830345,14989,7913,57067,15620,6521.285714,68034.57143,6432.466667
3/3/21,11156923,2104987,28897494,17407,7793,67149,15715.57143,6418.285714,65899,6753.466667
3/4/21,11173761,2112508,28966026,16838,7521,68532,15752.85714,6297,64775.71429,6694.133333
3/5/21,11192045,2119305,29032891,18284,6797,66865,16009.42857,6162.571429,63415,6596.333333
3/6/21,11210799,2125866,29092186,18754,6561,59295,16295.42857,6060.428571,61719.28571,6442.866667
3/7/21,11229398,2128600,29134252,18599,2734,42066,16736.71429,5962.571429,60752,6358.333333
3/8/21,11244786,2130477,29178564,15388,1877,44312,17179.85714,5951.714286,59351.85714,6021.6
3/9/21,11262707,2137884,29234370,17921,7407,55806,17598.71429,5885.142857,57898,5939.8
3/10/21,11285561,2144486,29292601,22854,6602,58231,18376.85714,5812.857143,57717.85714,6283.466667
3/11/21,11308846,2150955,29355492,23285,6469,62891,19297.85714,5642.714286,56443.85714,6148
3/12/21,11333728,2157771,29417565,24882,6816,62073,20240.42857,5492.428571,55638,6003.133333
3/13/21,11359048,2163875,29471157,25320,6104,53592,21178.42857,5495.142857,54953.42857,5893.4
3/14/21,11385339,2166290,29510009,26291,2415,38852,22277.28571,5429.857143,54138.71429,5799.533333
3/15/21,11409831,2167729,29564777,24492,1439,54768,23577.85714,5384.285714,53679.57143,5477.466667
3/16/21,11438734,2169007,29619158,28903,1278,54381,25146.71429,5321.714286,55173.28571,5386.066667
3/17/21,11474605,2175462,29678645,35871,6455,59487,27006.28571,4446.142857,54969.71429,5315.066667
3/18/21,11514331,2182188,29739170,39726,6726,60525,29355,4425.142857,55149.14286,5217.866667
3/19/21,11555284,2187910,29801235,40953,5722,62065,31650.85714,4461.857143,54811.14286,5146.733333
3/20/21,11599130,2193639,29858257,43846,5729,57022,34297.42857,4305.571429,54810,5026.8
3/21/21,11646081,2195772,29893235,46951,2133,34978,37248.85714,4252,55300,4955.6
3/22/21,11686796,2197160,29942716,40715,1388,49481,39566.42857,4211.714286,54746.57143,4660.4
3/23/21,11734058,2203041,29996015,47262,5881,53299,42189.14286,4204.428571,53991.28571,4570.666667
3/24/21,11787534,2208755,30083136,53476,5714,87121,44704.14286,4862,53836.71429,4837.6
3/25/21,11846652,2214542,30151112,59118,5787,67976,47474.42857,4756.142857,57784.42857,4724.733333
3/26/21,11908910,2219845,30228657,62258,5303,77545,50518,4622,58848.85714,4670.4
3/27/21,11971624,2224904,30290880,62714,5059,62223,53213.42857,4562.142857,61060.28571,4592.666667
3/28/21,12039644,2226550,30337234,68020,1646,46354,56223.28571,4466.428571,61803.28571,4475.533333
3/29/21,12095855,2227843,30404532,56211,1293,67298,58437,4396.857143,63428.42857,4178.333333
3/30/21,12149335,2232910,30465969,53480,5067,61437,59325.28571,4383.285714,65973.71429,4103.533333
3/31/21,12221665,2238887,30532941,72330,5977,66972,62018.71429,4267,67136.28571,4345.4
4/1/21,12303131,2244268,30612130,81466,5381,79189,65211.28571,4304.571429,64257.85714,4658.666667
4/2/21,12392260,2247357,30683979,89129,3089,71849,69050,4246.571429,65859.71429,4587.066667
4/3/21,12485509,2249195,30748226,93249,1838,64247,73412.14286,3930.285714,65046,4344.6
4/4/21,12589067,2250458,30784580,103558,1263,36354,78489,3470.142857,65335.14286,4085.666667
4/5/21,12686049,2251705,30858028,96982,1247,73448,84313.42857,3415.428571,63906.57143,3787.933333
4/6/21,12801785,2256509,30919172,115736,4804,61144,93207.14286,3408.857143,64785.14286,3728.866667
4/7/21,12928574,2261879,30994162,126789,5370,74990,100987,3371.285714,64743.28571,3956.6
4/8/21,13060542,2267019,31074414,131968,5140,80252,108201.5714,3284.571429,65888.71429,3922.533333
4/9/21,13205926,2272064,31158751,145384,5045,84337,116238,3250.142857,66040.57143,3884.266667
4/10/21,13358805,2278420,31228045,152879,6356,69294,124756.5714,3529.571429,67824.57143,3834.8
4/11/21,13527717,2280213,31274488,168912,1793,46443,134092.8571,4175,68545.57143,3905
4/12/21,13689453,2281840,31341447,161736,1627,66959,143343.4286,4250.714286,69986.85714,3687.266667
4/13/21,13873825,2286352,31420591,184372,4512,79144,153148.5714,4305,69059.85714,3686
4/14/21,14074564,2291246,31495907,200739,4894,75316,163712.8571,4263.285714,71631.28571,3900.6
4/15/21,14291917,2295435,31569817,217353,4189,73910,175910.7143,4195.285714,71677.85714,3889.066667
4/16/21,14526609,2299939,31650195,234692,4504,80378,188669,4059.428571,70771.85714,3769.866667
4/17/21,14788003,2304096,31704357,261394,4157,54162,204171.1429,3982.142857,70206.28571,3711.4
4/18/21,15061805,2305602,31747241,273802,1506,42884,219155.4286,3668,68044.57143,3782.6
4/19/21,15320972,2306910,31813414,259167,1308,66173,233074.1429,3627,67536.14286,3760.466667
4/20/21,15616130,2311172,31874335,295158,4262,60921,248900.7143,3581.428571,67423.85714,3763.466667
4/21/21,15930774,2315811,31938159,314644,4639,63824,265172.8571,3545.714286,64820.57143,3964.466667
4/22/21,16263695,2319519,32005149,332921,3708,66990,281682.5714,3509.285714,63178.85714,3953.466667
4/23/21,16610481,2323430,32067529,346786,3911,62380,297696,3440.571429,62190.28571,3842.666667
4/24/21,16960172,2326738,32121722,349691,3308,54193,310309.8571,3355.857143,59619.14286,3760.733333
4/25/21,17313163,2328391,32155696,352991,1653,33974,321622.5714,3234.571429,59623.57143,3644.933333
4/26/21,17636186,2329534,32201356,323023,1143,45660,330744.8571,3255.571429,58350.71429,3331.4
4/27/21,17997113,2333126,32252090,360927,3592,50734,340140.4286,3232,55420.28571,3288.066667
4/28/21,18376421,2336944,32307183,379308,3818,55093,349378.1429,3136.285714,53965,3419.066667
4/29/21,18762976,2340934,32366097,386555,3990,58914,357040.1429,3019,52717.71429,3372.8
4/30/21,19164969,2344755,32424257,401993,3821,58160,364926.8571,3059.285714,51564,3312.533333
5/1/21,19557457,2347780,32470917,392488,3025,46660,371040.7143,3046.428571,50961.14286,3288
5/2/21,19925517,2348873,32500979,368060,1093,30062,373193.4286,3006,49885,3189.4
5/3/21,20282833,2349900,32549750,357316,1027,48771,378092.4286,2926,49326.14286,2985.133333
5/4/21,20664979,2352964,32590550,382146,3064,40800,381123.7143,2909.428571,49770.57143,2953.2
5/5/21,21077410,2355985,32636252,412431,3021,45702,385855.5714,2834,48351.42857,3070.266667
5/6/21,21491598,2358831,32683207,414188,2846,46955,389803.1429,2720.142857,47009.85714,2987.533333
5/7/21,21892676,2361874,32731314,401078,3043,48107,389672.4286,2556.714286,45301.42857,2868
5/8/21,22296081,2364617,32765833,403405,2743,34519,391232,2445.571429,43865.28571,2823.666667
5/9/21,22662575,2365792,32787933,366494,1175,22100,391008.2857,2405.285714,42130.85714,2745.8
5/10/21,22992517,2366496,32823085,329942,704,35152,387097.7143,2417,40993.42857,2603.6
5/11/21,23340938,2368393,32857148,348421,1897,34063,382279.8571,2370.857143,39047.85714,2540.333333
5/12/21,23703665,2371483,32893341,362727,3090,36193,375179.2857,2204.142857,38085.42857,2590.6
5/13/21,24046809,2375115,32931870,343144,3632,38529,365030.1429,2214,36727,2557.133333
5/14/21,24372907,2377995,32973734,326098,2880,41864,354318.7143,2326.285714,35523.28571,2544.733333
5/15/21,24684077,2380690,33003344,311170,2695,29610,341142.2857,2303,34631.42857,2470.733333
5/16/21,24965463,2381923,33020785,281386,1233,17441,328984,2296.142857,33930.14286,2395.666667
5/17/21,25228996,2382745,33048554,263533,822,27769,319497,2304.428571,33264.57143,2276.2
5/18/21,25496330,2385512,33076351,267334,2767,27797,307913.1429,2321.285714,32209.85714,2258.133333
5/19/21,25772440,2387512,33105858,276110,2000,29507,295539.2857,2445.571429,31314.71429,2374.133333
5/20/21,26031991,2390140,33135702,259551,2628,29844,283597.4286,2289.857143,30359.57143,2303.2
5/21/21,26289290,2392744,33164253,257299,2604,28551,273769,2146.428571,29118.85714,2277
5/22/21,26530132,2395330,33184827,240842,2586,20574,263722.1429,2107,27217,2260.866667
5/23/21,26752447,2396604,33198299,222315,1274,13472,255283.4286,2091.428571,25926.14286,2230.4
5/24/21,26948874,2397307,33222742,196427,703,24443,245696.8571,2097.285714,25359.14286,2132.466667
5/25/21,27157795,2399790,33245832,208921,2483,23090,237352.1429,2080.285714,24884,2101
5/26/21,27369093,2402722,33270365,211298,2932,24533,228093.2857,2039.714286,24211.57143,2219.6
5/27/21,27555457,2405772,33297514,186364,3050,27149,217638,2172.857143,23501,2288.6
5/28/21,27729247,2408778,33319437,173790,3006,21923,205708.1429,2233.142857,23116,2285.933333
5/29/21,27894800,2411503,33332055,165553,2725,12618,194952.5714,2290.571429,22169.14286,2244.2
5/30/21,28047534,2412810,33339027,152734,1307,6972,185012.4286,2310.428571,21032.57143,2233.866667
5/31/21,28175044,2413742,33345042,127510,932,6015,175167.1429,2315.142857,20104,2141.333333
6/1/21,28307832,2420659,33366838,132788,6917,21796,164291,2347.857143,17471.42857,2121.266667
6/2/21,28441986,2423928,33384034,134154,3269,17196,153270.4286,2981.285714,17286.57143,2527.6
6/3/21,28574350,2426822,33403139,132364,2894,19105,145556.1429,3029.428571,16238.42857,2561.066667
6/4/21,28694879,2429631,33420273,120529,2809,17134,137947.4286,3007.142857,15089.28571,2620.666667
6/5/21,28809339,2431702,33434879,114460,2071,14606,130648.4286,2979,14405.14286,2632.733333
6/6/21,28909975,2433681,33440630,100636,1979,5751,123205.8571,2885.571429,14689.14286,2597.2
6/7/21,28996473,2434562,33455532,86498,881,14902,117347,2981.571429,14514.71429,2556.733333
6/8/21,29089069,2438011,33468614,92596,3449,13082,111605.2857,2974.285714,15784.28571,2530.533333
6/9/21,29182532,2441866,33487603,93463,3855,18989,105792.2857,2478.857143,14539.42857,2713.6
6/10/21,29274823,2445538,33501967,92291,3672,14364,100067.5714,2562.571429,14795.57143,2805.066667
6/11/21,29359155,2448820,33526801,84332,3282,24834,94896.57143,2673.714286,14118.28571,2854.4
6/12/21,29439989,2452469,33535565,80834,3649,8764,90092.85714,2741.285714,15218.28571,2869.866667
6/13/21,29510410,2454176,33540829,70421,1707,5264,85776.42857,2966.714286,14383.71429,2912.733333
6/14/21,29570881,2455351,33552973,60471,1175,12144,82058.28571,2927.857143,14314.14286,2844.866667
6/15/21,29633105,2459601,33563871,62224,4250,10898,77719.42857,2969.857143,13920.14286,2836.066667
6/16/21,29700313,2463390,33576446,67208,3789,12575,73968.71429,3084.285714,13608.14286,3057.266667
6/17/21,29762793,2467643,33587069,62480,4253,10623,69710,3074.857143,12691.85714,2848.733333
6/18/21,29823546,2471741,33608434,60753,4098,21365,66341.57143,3157.857143,12157.42857,2914.333333
6/19/21,29881772,2471741,33616942,58226,0,8508,63111.85714,3274.428571,11661.85714,2994.6
6/20/21,29935221,2477283,33621444,53449,5542,4502,60687.28571,2753.142857,11625.28571,2807.333333
6/21/21,29977861,2478551,33633035,42640,1268,11591,58140,3301,11516.42857,3038.733333
6/22/21,30028709,2482784,33643900,50848,4233,10865,56514.85714,3314.285714,11437.42857,2991.333333
6/23/21,30082778,2487747,33657057,54069,4963,13157,54637.85714,3311.857143,11432.71429,3214.8
6/24/21,30134445,2493087,33670719,51667,5340,13662,53093.14286,3479.571429,11515.85714,3315.733333
6/25/21,30183143,2498357,33695053,48698,5270,24334,51371,3634.857143,11950,3414.733333
6/26/21,30233183,2503408,33703766,50040,5051,8713,50201.57143,3802.285714,12374.14286,3521.266667
6/27/21,30279331,2505792,33708078,46148,2384,4312,49158.57143,4523.857143,12403.42857,3639.2
6/28/21,30316897,2507453,33722614,37566,1661,14536,48433.71429,4072.714286,12376.28571,3554.866667
6/29/21,30362848,2513164,33729397,45951,5711,6783,47734.14286,4128.857143,12797,3551.8
6/30/21,30411634,2519269,33745720,48786,6105,16323,46979.42857,4340,12213.85714,3854.2
7/1/21,30458251,2525350,33760098,46617,6081,14378,46258,4503.142857,12666.14286,3977.866667
7/2/21,30502362,2531192,33789477,44111,5842,29379,45602.71429,4609,12768.42857,4130.666667
7/3/21,30545433,2537457,33794190,43071,6265,4713,44607.14286,4690.714286,13489.14286,4236.6
7/4/21,30585229,2540068,33798014,39796,2611,3824,43699.71429,4864.142857,12917.71429,4381.066667
7/5/21,30619932,2541873,33806849,34703,1805,8835,43290.71429,4896.571429,12848,4555.133333
7/6/21,30663665,2549862,33830260,43733,7989,23411,42973.85714,4917.142857,12033.57143,4306
7/7/21,30709557,2558369,33852894,45892,8507,22634,42560.42857,5242.571429,14409,4754.066667
7/8/21,30752950,2567821,33871923,43393,9452,19029,42099.85714,5585.714286,15310.57143,5039
7/9/21,30795716,2577140,33919412,42766,9319,47489,41907.71429,6067.285714,15975,5338.266667
7/10/21,30837222,2586721,33927832,41506,9581,8420,41684.14286,6564,18562.14286,5603.533333
7/11/21,30874376,2590500,33938985,37154,3779,11153,41306.71429,7037.714286,19091.71429,5890.933333
7/12/21,30907282,2593574,33972600,32906,3074,33615,41050,7204.571429,20138.71429,5806.133333
7/13/21,30946147,2604711,33998992,38865,11137,26392,40354.57143,7385.857143,23678.71429,5852.133333
7/14/21,30987880,2616827,34032162,41733,12116,33170,39760.42857,7835.571429,24104.57143,6483.866667
7/15/21,31026829,2629648,34062069,38949,12821,29907,39125.57143,8351.142857,25609.71429,6910.866667
7/16/21,31064908,2642068,34139548,38079,12420,77479,38456,8832.428571,27163.71429,7358.6
7/17/21,31106065,2654699,34151434,41157,12631,11886,38406.14286,9275.428571,31448,7781.2
7/18/21,31144229,2659137,34171409,38164,4438,19975,38550.42857,9711.142857,31943.14286,8233.8
7/19/21,31174322,2664444,34223530,30093,5307,52121,38148.57143,9805.285714,33203.42857,8112
7/20/21,31216337,2678297,34264102,42015,13853,40572,38598.57143,10124.28571,35847.14286,8291.733333
7/21/21,31257720,2693495,34314688,41383,15198,50586,38548.57143,10512.28571,37872.85714,9094.933333
7/22/21,31293062,2709739,34369354,35342,16244,54666,38033.28571,10952.57143,40360.85714,9575.533333
7/23/21,31332159,2709739,34488750,39097,0,119396,38178.71429,11441.57143,43897.85714,10091.33333
7/24/21,31371901,2741983,34513930,39742,32244,25180,37976.57143,9667.285714,49886,9461.2
7/25/21,31411262,2748518,34539564,39361,6535,25634,38147.57143,12469.14286,51785.14286,10989.53333
7/26/21,31440951,2754438,34626086,29689,5920,86522,38089.85714,12768.71429,52593.57143,10786.46667
7/27/21,31484605,2771846,34694822,43654,17408,68736,38324,12856.28571,57508,10929.2
7/28/21,31528114,2790874,34764252,43509,19028,69430,38627.71429,13364.14286,61531.42857,11884.8
7/29/21,31572344,2810097,34843539,44230,19223,79287,39897.42857,13911.28571,64223.42857,12410.86667
7/30/21,31613993,2829443,35031610,41649,19346,188071,40262,14336.85714,67740.71429,12884.66667
7/31/21,31655824,2848252,35064270,41831,18809,32660,40560.42857,17100.57143,77551.42857,13319.66667
8/1/21,31695958,2854992,35107206,40134,6740,42936,40670.85714,15181.28571,78620,13745.6
8/2/21,31726507,2861498,35227423,30549,6506,120217,40793.71429,15210.57143,81091.71429,13352.86667
8/3/21,31769132,2880409,35330623,42625,18911,103200,40646.71429,15294.28571,85905.28571,13490.73333
8/4/21,31812114,2901094,35427293,42982,20685,96670,40571.42857,15509,90828.71429,14397.66667
8/5/21,31856757,2922663,35538203,44643,21569,110910,40630.42857,15745.71429,94720.14286,14853.13333
8/6/21,31895385,2944226,35793497,38628,21563,255294,40198.85714,16080.85714,99237.71429,15277.86667
8/7/21,31934455,2964244,35842578,39070,20018,49081,39804.42857,16397.57143,108841,15632.46667
8/8/21,31969954,2971817,35870455,35499,7573,27877,39142.28571,16570.28571,111186.8571,16967
8/9/21,31998158,2978330,36050191,28204,6513,179736,38807.28571,16689.28571,109035.5714,15322.26667
8/10/21,32036511,2997885,36171399,38353,19555,121208,38197,16690.28571,117538.2857,15320.8
8/11/21,32077706,3020596,36327654,41195,22711,156255,37941.71429,16782.28571,120110.8571,16229.8
8/12/21,32117826,3045571,36469848,40120,24975,142194,37295.57143,17071.71429,128623,16583.33333
8/13/21,32156493,3068329,36699692,38667,22758,229844,37301.14286,17558.28571,133092.1429,16979.8
8/14/21,32192576,3091971,36749122,36083,23642,49430,36874.42857,17729,129456.4286,17215.46667
8/15/21,32225513,3091971,36791187,32937,0,42065,36508.42857,18246.71429,129506.2857,17501.86667
8/16/21,32250679,3108438,37010615,25166,16467,219428,36074.42857,17164.85714,131533.1429,16247.93333
8/17/21,32285857,3123252,37163415,35178,14814,152800,35620.85714,18586.85714,137203.4286,16896.4
8/18/21,32322258,3152205,37322014,36401,28953,158599,34936,17909.57143,141716.5714,17450.26667
8/19/21,32358829,3175374,37479239,36571,23169,157225,34429,18801.28571,142051.4286,18119.73333
8/20/21,32393286,3197108,37724906,34457,21734,245667,33827.57143,18543.28571,144198.7143,18285.33333
8/21/21,32424234,3217415,37791423,30948,20307,66517,33094,18397,146459.1429,18296.33333
8/22/21,32449306,3225073,37827790,25072,7658,36367,31970.42857,17920.57143,148900.1429,18212.6
8/23/21,32474773,3231616,38065190,25467,6543,237400,32013.42857,19014.57143,148086.1429,17388.6
8/24/21,32512366,3249878,38222308,37593,18262,157118,32358.42857,17596.85714,150653.5714,17319.93333
8/25/21,32558530,3271128,38391732,46164,21250,169424,33753.14286,18089.42857,151270.4286,18103.2
8/26/21,32603188,3291761,38576172,44658,20633,184440,34908.42857,16989,152816.8571,18216.2
8/27/21,32649947,3311317,38819716,46759,19556,243544,36665.85714,16626.71429,156704.7143,18077.66667
8/28/21,32695030,3328863,38880969,45083,17546,61253,38685.14286,16315.57143,156401.4286,17716.4
8/29/21,32737939,3335700,38923284,42909,6837,42315,41233.28571,15921.14286,155649.4286,17368.93333
8/30/21,32768880,3341264,39182561,30941,5564,259277,42015.28571,15803.85714,156499.1429,16248.6
8/31/21,32810845,3352410,39353834,41965,11146,171273,42639.85714,15664,159624.4286,16619.53333
9/1/21,32857937,3369747,39556084,47092,17337,202250,42772.42857,14647.42857,161646.5714,16264.8
9/2/21,32903289,3387885,39731162,45352,18138,175078,42871.57143,14088.42857,166336,16433
9/3/21,32945907,3405294,39966757,42618,17409,235595,42280,13732,164998.5714,15712
9/4/21,32988673,3420880,40036141,42766,15586,69384,41949,13425.28571,163863,15328
9/5/21,33027621,3428384,40080097,38948,7504,43956,41383.14286,13145.28571,165024.5714,14918.13333
9/6/21,33058843,3433511,40158154,31222,5127,78057,41423.28571,13240.57143,165259,14064.6
9/7/21,33096718,3449295,40423580,37875,15784,265426,40839,13178.14286,139370.4286,13895.86667
9/8/21,33139981,3465171,40606607,43263,15876,183027,40292,13840.71429,152820.8571,14511.93333
9/9/21,33174954,3479999,40766736,34973,14828,160129,38809.28571,13632,150074.7143,14352.86667
9/10/21,33208330,3479999,40994961,33376,0,228225,37489,13159.14286,147939.1429,13924.73333
9/11/21,33236921,3506743,41064168,28591,26744,69207,35464,10672.14286,146886.2857,12549.2
9/12/21,33264175,3511882,41103960,27254,5139,39792,33793.42857,12266.14286,146861,13028.4
9/13/21,33289579,3516043,41356020,25404,4161,252060,32962.28571,11928.28571,146266.1429,12201.26667
9/14/21,33316755,3528972,41502216,27176,12929,146196,31433.85714,11790.28571,171123.7143,12022.86667
9/15/21,33347325,3542189,41672793,30570,13217,170577,29620.57143,11382.42857,154090.8571,12513.86667
9/16/21,33381728,3549229,41828301,34403,7040,155508,29539.14286,11002.57143,152312.2857,12651.93333
9/17/21,33417390,3552983,42037171,35662,3754,208870,29865.71429,9890,151652.1429,11965.46667
9/18/21,33448163,3552983,42097644,30773,0,60473,30177.42857,10426.28571,148887.1429,11006.53333
9/19/21,33478419,3569677,42137162,30256,16694,39518,30606.28571,6605.714286,147639.4286,9845.933333
9/20/21,33504534,3573044,42332050,26115,3367,194888,30707.85714,8256.428571,147600.2857,9919.8
9/21/21,33531498,3585565,42453701,26964,12521,121651,30677.57143,8143,139432.8571,9644
9/22/21,33563421,3597168,42586824,31923,11603,133123,30870.85714,8084.714286,135926.4286,10136.93333
9/23/21,33594803,3608976,42713293,31382,11808,126469,30439.28571,7854.142857,130575.8571,9858.2
9/24/21,33624419,3619115,42890193,29616,10139,176900,29575.57143,8535.285714,126427.4286,9587
9/25/21,33652745,3619115,42941060,28326,0,50867,29226,9447.428571,121860.2857,9274.4
9/26/21,33678786,3632800,42989128,26041,13685,48068,28623.85714,9447.428571,120488,9274.4
9/27/21,33697581,3635807,43158503,18795,3007,169375,27578.14286,9017.571429,121709.4286,8403.8
9/28/21,33716451,3645599,43269881,18870,9792,111378,26421.85714,8966.142857,118064.7143,8261.666667
9/29/21,33739980,3655395,43393295,23529,9796,123414,25222.71429,8576.285714,116597.1429,8637.066667
9/30/21,33766707,3664223,43503243,26727,8828,109948,24557.71429,8318.142857,115210.1429,8428.2
10/1/21,33791061,3671611,43656123,24354,7388,152880,23806,7892.428571,112850,8135.6
10/2/21,33813903,3678980,43698610,22842,7369,42487,23022.57143,7499.428571,109418.5714,8158.8
10/3/21,33834702,3678980,43739184,20799,0,40574,22273.71429,8552.142857,108221.4286,8399.8
10/4/21,33853048,3684242,43894148,18346,5262,154964,22209.57143,6597.142857,107150.8571,8399.8
10/5/21,33871881,3684242,43991524,18833,0,97376,22204.28571,6919.285714,105092.1429,7637.666667
10/6/21,33894312,3691924,44102113,22431,7682,110589,22047.42857,5520.428571,103091.8571,7413.2
10/7/21,33915569,3707234,44202658,21257,15310,100545,21266,5218.428571,101259.7143,7090.6
10/8/21,33935309,3714392,44329132,19740,7158,126474,20606.85714,6144.428571,99916.42857,7337.733333
10/9/21,33953475,3714392,44359574,18166,0,30442,19938.85714,6111.571429,96144.14286,7027.733333
10/10/21,33971607,3723235,44395776,18132,8843,36202,19557.85714,5058.857143,94423.42857,6351.8
10/11/21,33985920,3725242,44500245,14313,2007,104469,18981.71429,6322.142857,93798.85714,6941.333333
10/12/21,34001743,3732429,44606614,15823,7187,106369,18551.71429,5857.142857,86585.28571,6162.8
10/13/21,34020730,3738749,44728187,18987,6320,121573,18059.71429,6883.857143,87870,6441.466667
10/14/21,34037592,3744574,44814568,16862,5825,86381,17431.85714,6689.285714,89439.14286,6210
10/15/21,34053573,3749860,44924368,15981,5286,109800,16894.85714,5334.285714,87415.71429,5945.266667
10/16/21,34067719,3755063,44958983,14146,5203,34615,16320.57143,5066.857143,85033.71429,5709.133333
10/17/21,34081315,3757056,44990096,13596,1993,31113,15672.57143,5810.142857,85629.85714,5563.466667
10/18/21,34094373,3758469,45094862,13058,1413,104766,15493.28571,4831.571429,84902.85714,5205.066667
10/19/21,34108996,3762689,45175808,14623,4220,80946,15321.85714,4746.714286,84945.28571,5299.266667
10/20/21,34127450,3767758,45267256,18454,5069,91448,15245.71429,4322.857143,81313.42857,5229.8
10/21/21,34143236,3772556,45346152,15786,4798,78896,15092,4144.142857,77009.85714,5567.733333
10/22/21,34159562,3777209,45441301,16326,4653,95149,15141.28571,3997.428571,75940.57143,5375.466667
10/23/21,34175468,3781661,45470179,15906,4452,28878,15392.71429,3907,73847.57143,4665
10/24/21,34189774,3781661,45487602,14306,0,17423,15494.14286,3799.714286,73028,4484.6
10/25/21,34202202,3784448,45603955,12428,2787,116353,15404.14286,3515,71072.28571,4484.6
10/26/21,34215653,3784448,45672673,13451,0,68718,15236.71429,3711.285714,72727.57143,4080.866667
10/27/21,34231809,3788986,45773574,16156,4538,100901,14908.42857,3108.428571,70980.71429,3947.066667
10/28/21,34246157,3798286,45851120,14348,9300,77546,14703,3032.571429,72331.14286,3770.466667
10/29/21,34260470,3802287,45944705,14313,4001,93585,14415.42857,3675.714286,72138.28571,3969.133333
10/30/21,34273300,3805765,45976351,12830,3478,31646,13976,3582.571429,71914.85714,3847.533333
10/31/21,34285814,3807211,46007342,12514,1446,30991,13720,3443.428571,72310.28571,3727
11/1/21,34296237,3807211,46122948,10423,0,115606,13433.57143,3650,74248.57143,3476.533333
11/2/21,34308140,3808205,46194029,11903,994,71081,13212.42857,3251.857143,74141.85714,3343.666667
11/3/21,34321025,3811793,46278614,12885,3588,84585,12745.14286,3393.857143,74479.42857,3315.733333
11/4/21,34333754,3814453,46360436,12729,2660,81822,12513.85714,3258.142857,72148.57143,3273.6
11/5/21,34344683,3818216,46456541,10929,3763,96105,12030.42857,2309.571429,72759.42857,3113
11/6/21,34355509,3825404,46489437,10826,7188,32896,11744.14286,2275.571429,73119.42857,3044
11/7/21,34366987,3826786,46524743,11478,1382,35306,11596.14286,2805.571429,73298,3213
11/8/21,34377113,3826786,46637056,10126,0,112313,11553.71429,2796.428571,73914.42857,3008.333333
11/9/21,34388579,3831259,46717357,11466,4473,80301,11491.28571,2796.428571,73444,3008.333333
11/10/21,34401670,3831259,46812332,13091,0,94975,11520.71429,3293.428571,74761.14286,3120.733333
11/11/21,34414186,3838308,46867831,12516,7049,55499,11490.28571,2780.857143,76245.42857,3120.733333
11/12/21,34426036,3838308,47014360,11850,0,146529,11621.85714,3407.857143,72485,3288.133333
11/13/21,34437307,3841661,47055324,11271,3353,40964,11685.42857,2870.285714,79688.42857,2668.133333
11/14/21,34447536,3844791,47085614,10229,3130,30290,11507,2322.428571,80841,2624.933333
11/15/21,34456401,3845733,47224576,8865,942,138962,11326.85714,2572.142857,80124.42857,2601.733333
11/16/21,34466598,3846508,47312202,10197,775,87626,11145.57143,2706.714286,83931.42857,2568.133333
11/17/21,34478517,3851079,47423606,11919,4571,111404,10978.14286,2178.428571,84977.85714,2619.8
11/18/21,34489623,3854994,47533702,11106,3915,110096,10776.71429,2831.428571,87324.85714,2858.266667
11/19/21,34499925,3854994,47659290,10302,0,125588,10555.57143,2383.714286,95124.42857,2880.066667
11/20/21,34510413,3858831,47700783,10488,3837,41493,10443.71429,2383.714286,92132.85714,2702.733333
11/21/21,34518901,3862137,47738554,8488,3306,37771,10195,2452.857143,92208.42857,2707.666667
11/22/21,34526480,3864278,47889042,7579,2141,150488,10011.28571,2478,93277.14286,2448.866667
11/23/21,34535763,3864278,47981453,9283,0,92411,9880.714286,2649.285714,94923.71429,2499.466667
11/24/21,34544882,3867976,48092823,9119,3698,111370,9480.714286,2538.571429,95607.28571,2499.466667
11/25/21,34555431,3876391,48125425,10549,8415,32602,9401.142857,2413.857143,95602.42857,2447.8
11/26/21,34563749,3879836,48176523,8318,3445,51098,9117.714286,3056.714286,84531.85714,3008.8
11/27/21,34572523,3879836,48201079,8774,0,24556,8872.857143,3548.857143,73890.42857,2768.533333
11/28/21,34580832,3882792,48241903,8309,2956,40824,8847.285714,3000.714286,71470.85714,2768.533333
11/29/21,34587822,3884566,48438882,6990,1774,196979,8763.142857,2950.714286,71907,2742.066667
11/30/21,34596776,3884566,48555980,8954,0,117098,8716.142857,2898.285714,78548.57143,2651.666667
12/1/21,34606541,3891218,48691359,9765,6652,135379,8808.428571,2898.285714,82075.28571,2588.866667
12/2/21,34615757,3891218,48832234,9216,0,140875,8618,3320.285714,85505.14286,2980.666667
12/3/21,34624360,3897452,48990133,8603,6234,157899,8658.714286,2118.142857,100972.7143,2675.933333
12/4/21,34624360,3897452,49051146,0,0,61013,7405.285714,2516.571429,116230,2830.533333
12/5/21,34641561,3901263,49085361,17201,3811,34215,8675.571429,2516.571429,121438.1429,2830.533333
12/6/21,34648383,3902015,49278278,6822,752,192917,8651.571429,2638.714286,120494,2828.8
12/7/21,34656822,3902015,49387208,8439,0,108930,8578,2492.714286,119913.7143,2658.533333